ImageFilename,GPSAltitude,GPSSpeed,ResolutionUnit,ExifOffset,Make,Model,Software,XResolution,YResolution,ExifVersion,ShutterSpeedValue,ApertureValue,DateTimeOriginal-Digitized,ExposureBiasValue,MaxApertureValue,MeteringMode,LightSource,FocalLength,ColorSpace,WhiteBalance,FocalLengthIn35mmFilm,SceneCaptureType,SubsecTimeOriginal,Saturation,Sharpness,SensingMethod,ExposureTime,FNumber,ExposureProgram,CustomRendered,ISOSpeedRatings,ExposureMode,BodySerialNumber,LensSpecification,LensModel,GainControl,Contrast,FocalPlaneXResolution,FocalPlaneYResolution,FocalPlaneResolutionUnit,SensitivityType,Date,Time,GPSLatitude-Coord,GPSLongitude-Coord,LabelledLatitude,LabelledLongitude
iss036e049939.jpg,412491.1111111111,27598.74626865672,2,340,NIKON CORPORATION,NIKON D3X,Adobe Photoshop Lightroom Classic 9.2 (Macintosh),240.0,240.0,231,9.643856,6.33985,2013:06:12 12:47:50,0.0,6.0,5,0,1200.0,1,0,1200,0,71,0,0,2,0.00125,9.0,1,0,200,1,5033554,"(600.0, 600.0, 4.0, 4.0)",600.0 mm f/4.0,0,0,,,3.0,2.0,2020-03-31,09:23:47,-2.57277,36.42505166666667,-3.061136,37.35276
iss038e064247.jpg,417359.4166666667,27597.964912280702,2,438,NIKON CORPORATION,NIKON D3S,Adobe Photoshop Lightroom Classic 9.2 (Macintosh),240.0,240.0,231,9.965784,5.310704,2014:03:06 13:34:43,0.0,5.0,5,0,800.0,1,0,800,0,24,0,0,2,0.001,6.3,1,0,200,1,2053892,"(400.0, 400.0, 2.8, 2.8)",400.0 mm f/2.8,0,0,,,3.0,2.0,2020-05-06,11:49:33,42.17589,14.918386666666668,41.945297,12.499344
iss040e065496.jpg,420041.27777777775,27578.846153846152,2,620,NIKON CORPORATION,NIKON D3S,Adobe Photoshop Lightroom Classic 10.1.1 (Macintosh),240.0,240.0,231,12.643856,4.643856,2014:07:15 13:13:03,-1.0,3.0,5,0,200.0,1,0,200,0,95,0,0,2,0.00015625,5.0,1,0,200,1,2007945,"(80.0, 200.0, 2.8, 2.8)",80.0-200.0 mm f/2.8,0,0,,,3.0,2.0,2021-02-24,13:48:51,-22.36768,26.291386666666668,-19.074847,22.526239
iss040e075028.jpg,421514.875,27579.20588235294,2,266,NIKON CORPORATION,NIKON D3S,Adobe Photoshop Lightroom Classic 11.4.1 (Macintosh),240.0,240.0,231,11.965784,2.970854,2014:07:23 15:51:51,0.0,3.0,5,0,200.0,1,0,200,0,8,0,0,2,0.00025,2.8,1,0,200,1,2007945,"(80.0, 200.0, 2.8, 2.8)",80.0-200.0 mm f/2.8,0,0,,,3.0,2.0,2022-07-28,12:53:09,32.14762,-110.112875,36.327837,-112.045507
iss040e092721.jpg,414689.1111111111,27608.75092936803,2,256,NIKON CORPORATION,NIKON D3S,Adobe Photoshop Lightroom 6.12 (Macintosh),240.0,240.0,230,11.643856,2.970854,2014:08:13 15:45:48,0.0,3.0,3,0,80.0,1,0,80,0,65,0,0,2,0.0003125,2.8,1,0,200,1,2007945,"(80.0, 200.0, 2.8, 2.8)",80.0-200.0 mm f/2.8,0,0,,,3.0,2.0,2017-10-16,12:48:31,38.71038,15.34715,37.901332,15.333352
iss040e125148.jpg,419584.2222222223,27602.11904761905,2,232,NIKON CORPORATION,NIKON D2Xs,Adobe Photoshop Lightroom 6.12 (Macintosh),240.0,240.0,230,11.643856,4.970854,2014:09:04 10:51:38,-2.0,5.0,5,0,800.0,1,0,1200,0,16,0,0,2,0.0003125,5.6,3,0,200,0,6027268,"(800.0, 800.0, 5.6, 5.6)",800.0 mm f/5.6,0,1,,,3.0,2.0,2017-10-16,12:48:31,51.6123,3.6489166666666666,51.959667,4.072454
iss041e011621.jpg,416115.5,27600.88235294117,2,242,NIKON CORPORATION,NIKON D3S,Adobe Photoshop Lightroom 6.12 (Macintosh),240.0,240.0,230,11.965783664459162,4.33984962406015,2014:09:12 12:26:33,-1.0,3.0,3,0,80.0,1,0,80,0,41,0,0,2,0.00025,4.5,3,0,200,0,2008337,"(80.0, 200.0, 2.8, 2.8)",80.0-200.0 mm f/2.8,0,0,,,3.0,2.0,2017-10-16,12:48:31,34.878661111111114,-4.593052777777777,35.701982,-6.030937
iss041e109444.jpg,415585.5833333333,27603.61111111111,2,230,NIKON CORPORATION,NIKON D4,Adobe Photoshop Lightroom 6.12 (Macintosh),240.0,240.0,230,11.643856,4.643856,2014:11:03 07:40:02,0.0,3.0,5,0,70.0,1,0,70,0,60,0,0,2,0.0003125,5.0,1,0,200,1,2071131,"(70.0, 200.0, 2.8, 2.8)",70.0-200.0 mm f/2.8,0,0,1368.8888854980469,1368.8888854980469,3.0,2.0,2017-10-16,12:48:32,38.3876,10.948686666666667,37.835201,14.974987
iss042e062108.jpg,414256.6428571429,27599.735849056604,2,230,NIKON CORPORATION,NIKON D4,Adobe Photoshop Lightroom 6.12 (Macintosh),240.0,240.0,230,11.643856,5.310704,2014:12:23 10:16:25,-0.6666666666666666,4.9,5,0,116.0,1,0,116,0,0,0,0,2,0.0003125,6.3,3,0,200,0,2071129,"(50.0, 500.0, 4.5, 6.3)",50.0-500.0 mm f/4.5-6.3,0,0,1368.8888854980469,1368.8888854980469,3.0,2.0,2017-10-16,12:48:32,39.73854,35.92827166666667,35.036677,33.334408
iss050e070478.jpg,404564.5454545455,27632.840425531915,2,230,NIKON CORPORATION,NIKON D4,Adobe Photoshop Lightroom 6.12 (Macintosh),240.0,240.0,230,10.965784,6.0,2017:04:08 20:26:46,-0.6666666666666666,6.0,5,0,1150.0,1,0,1150,0,60,0,0,2,0.0005,8.0,4,0,500,0,2071134,"(800.0, 800.0, 5.6, 5.6)",800.0 mm f/5.6,1,0,1368.8888854980469,1368.8888854980469,3.0,2.0,2017-10-16,09:38:48,42.17332,-74.60557333333334,40.743988,-73.987878
iss050e070882.jpg,421967.1666666667,27565.765,2,230,NIKON CORPORATION,NIKON D4,Adobe Photoshop Lightroom 6.12 (Macintosh),240.0,240.0,230,9.965784,6.643856,2017:04:08 21:26:53,0.0,5.3,5,0,290.0,1,0,290,0,40,0,0,2,0.001,10.0,4,0,400,0,2071135,"(50.0, 500.0, 4.5, 6.3)",50.0-500.0 mm f/4.5-6.3,1,0,1368.8888854980469,1368.8888854980469,3.0,2.0,2017-10-16,09:38:48,-46.71451,167.97590833333334,-43.750603,170.569065
iss051e040689.jpg,401804.4615384616,27628.61581920904,2,230,NIKON CORPORATION,NIKON D4,Adobe Photoshop Lightroom 6.12 (Macintosh),240.0,240.0,230,11.643856,6.918863,2017:05:09 08:23:29,-1.0,6.0,5,0,1150.0,1,0,1150,0,0,0,0,2,0.0003125,11.0,3,0,800,0,2071134,"(800.0, 800.0, 5.6, 5.6)",800.0 mm f/5.6,1,0,1368.8888854980469,1368.8888854980469,3.0,2.0,2017-10-16,09:38:52,20.06274,41.962608333333336,25.260556,45.553611
iss052e000904.jpg,414044.625,27602.3125,2,230,NIKON CORPORATION,NIKON D4,Adobe Photoshop Lightroom 6.12 (Macintosh),240.0,240.0,230,8.321928,8.643856,2017:06:10 07:12:02,0.0,5.3,5,0,500.0,1,0,500,0,40,0,0,2,0.003125,20.0,3,0,500,0,2071135,"(50.0, 500.0, 4.5, 6.3)",50.0-500.0 mm f/4.5-6.3,1,0,1368.8888854980469,1368.8888854980469,3.0,2.0,2017-10-16,09:38:53,51.76458,158.62392,50.860032,155.561931
iss052e000909.jpg,413945.975,27602.548387096773,2,230,NIKON CORPORATION,NIKON D4,Adobe Photoshop Lightroom 6.12 (Macintosh),240.0,240.0,230,8.643856,8.643856,2017:06:10 07:12:47,0.0,5.2,5,0,240.0,1,0,240,0,60,0,0,2,0.0025,20.0,3,0,500,0,2071135,"(50.0, 500.0, 4.5, 6.3)",50.0-500.0 mm f/4.5-6.3,1,0,1368.8888854980469,1368.8888854980469,3.0,2.0,2017-10-16,09:38:53,51.55932,163.10812833333333,53.25815,159.816732
iss052e018433.jpg,410821.0294117647,27591.69318181818,2,230,NIKON CORPORATION,NIKON D4,Adobe Photoshop Lightroom 6.12 (Macintosh),240.0,240.0,230,12.287712,6.0,2017:07:23 14:50:56,-0.6666666666666666,5.3,5,0,420.0,1,0,420,0,30,0,0,2,0.0002,8.0,3,0,400,0,2071144,"(50.0, 500.0, 4.5, 6.3)",50.0-500.0 mm f/4.5-6.3,1,0,1368.8888854980469,1368.8888854980469,3.0,2.0,2017-10-16,09:38:54,-22.18691,33.72962666666667,-19.298689,22.816294
iss052e026898.jpg,412426.96,27584.283018867925,2,230,NIKON CORPORATION,NIKON D4,Adobe Photoshop Lightroom 6.12 (Macintosh),240.0,240.0,230,11.287712,6.33985,2017:08:02 23:18:11,-0.6666666666666666,5.3,2,0,500.0,1,0,500,0,40,0,0,2,0.0004,9.0,3,0,500,0,2071144,"(50.0, 500.0, 4.5, 6.3)",50.0-500.0 mm f/4.5-6.3,1,0,1368.8888854980469,1368.8888854980469,3.0,2.0,2017-10-16,09:38:54,-20.85286,-153.62607333333332,-16.724124,-151.455016
iss052e030452.jpg,405010.32558139536,27625.02380952381,2,230,NIKON CORPORATION,NIKON D4,Adobe Photoshop Lightroom 6.12 (Macintosh),240.0,240.0,230,10.643856,6.643856,2017:08:06 23:18:04,0.0,5.0,5,0,140.0,1,0,140,0,30,0,0,2,0.000625,10.0,4,0,400,0,2071136,"(50.0, 500.0, 4.5, 6.3)",50.0-500.0 mm f/4.5-6.3,1,0,1368.8888854980469,1368.8888854980469,3.0,2.0,2017-10-12,10:37:54,36.3215,-124.68950333333332,37.819265,-122.34965
iss052e032999.jpg,416922.875,27571.82608695652,2,230,NIKON CORPORATION,NIKON D4,Adobe Photoshop Lightroom 6.12 (Macintosh),240.0,240.0,230,8.321928,6.33985,2017:08:05 14:31:02,0.0,3.0,5,0,400.0,1,0,400,0,60,0,0,2,0.003125,9.0,2,0,100,0,2071134,"(400.0, 400.0, 2.8, 2.8)",400.0 mm f/2.8,0,0,1368.8888854980469,1368.8888854980469,3.0,2.0,2017-10-12,10:37:55,-30.03475,-47.18799,-30.581933,-50.46011
iss052e033010.jpg,414052.4901960784,27579.12,2,230,NIKON CORPORATION,NIKON D4,Adobe Photoshop Lightroom 6.12 (Macintosh),240.0,240.0,230,9.965784,6.643856,2017:08:05 14:33:24,0.0,3.0,5,0,400.0,1,0,400,0,80,0,0,2,0.001,10.0,4,0,400,0,2071134,"(400.0, 400.0, 2.8, 2.8)",400.0 mm f/2.8,1,0,1368.8888854980469,1368.8888854980469,3.0,2.0,2017-10-12,10:37:55,-23.4076,-40.64290333333334,-22.932386,-42.045236
iss052e033280.jpg,406045.75,27630.42307692308,2,242,NIKON CORPORATION,NIKON D4,Adobe Photoshop Lightroom 6.12 (Macintosh),240.0,240.0,230,9.965783664459162,5.655638082376773,2017:08:05 14:59:27,0.0,3.0,5,0,400.0,1,0,400,0,20,0,0,2,0.001,7.1,4,0,400,0,2071134,"(400.0, 400.0, 2.8, 2.8)",400.0 mm f/2.8,1,0,1368.888888888889,1368.888888888889,3.0,2.0,2017-10-12,10:37:58,48.04776944444444,33.756747222222224,46.608744,33.093659
iss052e033339.jpg,411116.4736842105,27587.0004100041,2,230,NIKON CORPORATION,NIKON D4,Adobe Photoshop Lightroom 6.12 (Macintosh),240.0,240.0,230,8.643856,7.61471,2017:08:06 09:07:07,0.0,3.0,5,0,400.0,1,0,400,0,70,0,0,2,0.0025,14.0,4,0,400,0,2071134,"(400.0, 400.0, 2.8, 2.8)",400.0 mm f/2.8,1,0,1368.8888854980469,1368.8888854980469,3.0,2.0,2017-10-12,10:38:00,-15.57647,43.553325,-12.788668,45.135262
iss052e035012.jpg,405788.7142857143,27631.047244094487,2,230,NIKON CORPORATION,NIKON D4,Adobe Photoshop Lightroom 6.12 (Macintosh),240.0,240.0,230,8.643856,6.918863,2017:08:04 14:17:42,0.0,4.3,2,0,50.0,1,0,50,0,0,0,0,2,0.0025,11.0,3,0,500,0,2071144,"(50.0, 500.0, 4.5, 6.3)",50.0-500.0 mm f/4.5-6.3,1,0,1368.8888854980469,1368.8888854980469,3.0,2.0,2017-10-12,10:38:03,47.52347,48.50117,46.175399,48.478621
iss052e035014.jpg,403794.0588235294,27619.65625,2,242,NIKON CORPORATION,NIKON D4,Adobe Photoshop Lightroom 6.12 (Macintosh),240.0,240.0,230,10.965783664459162,6.33984962406015,2017:08:04 21:49:47,0.0,4.3,5,0,50.0,1,0,50,0,50,0,0,2,0.0005,9.0,4,0,500,0,2071144,"(50.0, 500.0, 4.5, 6.3)",50.0-500.0 mm f/4.5-6.3,1,0,1368.888888888889,1368.888888888889,3.0,2.0,2017-10-12,10:38:03,21.30923888888889,-107.78355277777776,25.264623,-110.943803
iss052e035035.jpg,422109.5833333333,27559.74107142857,2,230,NIKON CORPORATION,NIKON D4,Adobe Photoshop Lightroom 6.12 (Macintosh),240.0,240.0,230,10.965784,5.655638,2017:08:04 23:00:29,0.0,5.2,5,0,240.0,1,0,240,0,90,0,0,2,0.0005,7.1,4,0,500,0,2071144,"(50.0, 500.0, 4.5, 6.3)",50.0-500.0 mm f/4.5-6.3,1,0,1368.8888854980469,1368.8888854980469,3.0,2.0,2017-10-12,10:38:04,-41.60872,172.02883,-39.316253,174.131472
iss052e035055.jpg,404196.1111111111,27624.927536231884,2,230,NIKON CORPORATION,NIKON D4,Adobe Photoshop Lightroom 6.12 (Macintosh),240.0,240.0,230,10.965784,6.0,2017:08:04 23:26:07,0.0,5.3,5,0,380.0,1,0,380,0,50,0,0,2,0.0005,8.0,4,0,500,0,2071144,"(50.0, 500.0, 4.5, 6.3)",50.0-500.0 mm f/4.5-6.3,1,0,1368.8888854980469,1368.8888854980469,3.0,2.0,2017-10-12,10:38:05,31.82664,-120.90451333333333,34.019039,-118.359388
iss052e035185.jpg,404881.5384615384,27625.088888888888,2,230,NIKON CORPORATION,NIKON D4,Adobe Photoshop Lightroom 6.12 (Macintosh),240.0,240.0,230,9.321928,8.0,2017:08:06 12:29:43,0.0,4.5,5,0,58.0,1,0,58,0,70,0,0,2,0.0015625,16.0,3,0,500,0,2071144,"(50.0, 500.0, 4.5, 6.3)",50.0-500.0 mm f/4.5-6.3,1,0,1368.8888854980469,1368.8888854980469,3.0,2.0,2017-10-12,10:38:08,35.71839,39.198681666666666,31.068361,34.00435
iss052e035201.jpg,404664.6,27624.17307692308,2,230,NIKON CORPORATION,NIKON D4,Adobe Photoshop Lightroom 6.12 (Macintosh),240.0,240.0,230,9.965784,7.400879,2017:08:06 14:01:24,0.0,4.3,5,0,50.0,1,0,50,0,20,0,0,2,0.001,13.0,4,0,500,0,2071144,"(50.0, 500.0, 4.5, 6.3)",50.0-500.0 mm f/4.5-6.3,1,0,1368.8888854980469,1368.8888854980469,3.0,2.0,2017-10-12,10:38:08,33.3985,12.695448333333331,39.186166,14.403339
iss052e035257.jpg,404322.3,27621.38938053097,2,230,NIKON CORPORATION,NIKON D4,Adobe Photoshop Lightroom 6.12 (Macintosh),240.0,240.0,230,9.643856,8.0,2017:08:06 15:31:51,0.0,4.7,5,0,95.0,1,0,95,0,10,0,0,2,0.00125,16.0,4,0,500,0,2071144,"(50.0, 500.0, 4.5, 6.3)",50.0-500.0 mm f/4.5-6.3,1,0,1368.8888854980469,1368.8888854980469,3.0,2.0,2017-10-12,10:38:09,27.60771,-17.247351666666667,28.284419,-16.664628
iss052e035339.jpg,405551.0,27627.344444444443,2,230,NIKON CORPORATION,NIKON D4,Adobe Photoshop Lightroom 6.12 (Macintosh),240.0,240.0,230,10.643856,6.33985,2017:08:06 20:15:17,0.0,5.1,5,0,210.0,1,0,210,0,0,0,0,2,0.000625,9.0,4,0,400,0,2071144,"(50.0, 500.0, 4.5, 6.3)",50.0-500.0 mm f/4.5-6.3,1,0,1368.8888854980469,1368.8888854980469,3.0,2.0,2017-10-12,10:38:10,41.91516,-68.63345666666666,41.842406,-70.065274
iss053e126192.jpg,402340.06666666665,27631.036363636365,2,230,NIKON CORPORATION,NIKON D4,Adobe Photoshop Lightroom 6.12 (Macintosh),240.0,240.0,230,9.965784,6.918863,2017:10:22 08:37:12,0.0,1.0,5,9,24.0,1,1,24,0,0,0,0,2,0.001,11.0,1,0,400,1,2071139,"(24.0, 24.0, 1.4, 1.4)",24.0 mm f/1.4,1,0,1368.8888854980469,1368.8888854980469,3.0,2.0,2017-11-02,16:28:29,29.57733,-9.38964,33.407708,-5.138098
iss053e134168.jpg,405070.5,27631.045454545456,2,238,NIKON CORPORATION,NIKON D4,Adobe Photoshop Lightroom Classic 12.1 (Macintosh),240.0,240.0,231,9.321928,7.400879,2017:10:24 16:16:19,0.0,5.0,5,9,140.0,1,1,140,0,0,0,0,2,0.0015625,13.0,2,0,400,0,2071137,"(50.0, 500.0, 4.5, 6.3)",50.0-500.0 mm f/4.5-6.3,1,0,1368.8888854980469,1368.8888854980469,3.0,2.0,2023-01-23,16:25:21,43.9477,-115.204575,41.208593,-112.496396
iss053e464812.jpg,407743.8461538461,27617.742424242424,2,230,NIKON CORPORATION,NIKON D5,Adobe Photoshop Lightroom 6.12 (Macintosh),240.0,240.0,230,3.0,0.970854,2017:12:07 20:43:59,0.0,1.0,5,9,24.0,1,1,24,0,3,0,0,2,0.125,1.4,1,1,5000,1,3502396,"(24.0, 24.0, 1.4, 1.4)",24.0 mm f/1.4,2,0,1552.056121826172,1552.056121826172,3.0,2.0,2018-05-10,11:27:10,40.04365,3.307716666666667,41.577221,10.97887
iss054e021952.jpg,408077.02857142856,27611.428921568626,2,240,NIKON CORPORATION,NIKON D5,Adobe Photoshop Lightroom Classic 10.1.1 (Macintosh),240.0,240.0,231,9.643856,7.61471,2018:01:10 22:38:57,-1.3333333333333333,4.5,5,0,65.0,1,0,65,0,6,0,0,2,0.00125,14.0,2,0,400,0,3502364,"(50.0, 500.0, 4.5, 6.3)",50.0-500.0 mm f/4.5-6.3,0,0,1552.056121826172,1552.056121826172,3.0,2.0,2021-02-24,14:43:05,35.10915,138.87461,35.430217,140.26856
iss054e062904.jpg,406853.9722222223,27620.625550660792,2,230,NIKON CORPORATION,NIKON D5,Adobe Photoshop Lightroom 6.12 (Macintosh),240.0,240.0,230,3.906891,2.970854,2018:01:27 15:49:53,0.0,3.0,5,0,200.0,1,0,200,0,40,0,0,2,0.0666666666666666,2.8,1,1,40000,1,3502364,"(70.0, 200.0, 2.8, 2.8)",70.0-200.0 mm f/2.8,2,0,1552.056121826172,1552.056121826172,3.0,2.0,2018-05-22,14:25:21,39.95388,133.67302,35.588036,139.778779
iss055e064313.jpg,406276.5294117647,27618.464788732395,2,240,NIKON CORPORATION,NIKON D5,Adobe Photoshop Lightroom Classic 11.3.1 (Macintosh),240.0,240.0,231,10.965784,6.918863,2018:05:06 16:26:17,0.0,5.0,3,0,800.0,1,0,800,0,81,0,0,2,0.0005,11.0,4,0,1000,0,3502400,"(800.0, 800.0, 5.6, 5.6)",800.0 mm f/5.6,1,0,1552.056121826172,1552.056121826172,3.0,2.0,2022-05-17,15:24:57,34.14799,-97.71274333333334,32.781041,-96.818281
iss055e064533.jpg,405086.17647058825,27610.52727272727,2,240,NIKON CORPORATION,NIKON D5,Adobe Photoshop Lightroom Classic 11.3.1 (Macintosh),240.0,240.0,231,8.965784,7.61471,2018:05:08 11:46:24,0.0,3.0,5,0,70.0,1,0,70,0,4,0,0,2,0.002,14.0,4,0,400,0,3502401,"(70.0, 200.0, 2.8, 2.8)",70.0-200.0 mm f/2.8,0,0,1552.056121826172,1552.056121826172,3.0,2.0,2022-05-16,17:14:36,12.45414,-16.271198333333334,11.439274,-15.75671
iss055e114385.jpg,407453.2727272727,27599.33333333333,2,230,NIKON CORPORATION,NIKON D5,Adobe Photoshop Lightroom 6.12 (Macintosh),240.0,240.0,230,8.965784,8.0,2018:06:01 16:53:14,0.6666666666666666,3.0,5,0,22.0,1,0,22,0,79,0,0,2,0.002,16.0,4,0,400,0,3502396,"(17.0, 35.0, 2.8, 2.8)",17.0-35.0 mm f/2.8,0,0,1552.056121826172,1552.056121826172,3.0,2.0,2018-06-06,14:10:28,0.95317,-46.789638333333336,,
iss055e114459.jpg,413254.56666666665,27582.28888888889,2,236,NIKON CORPORATION,NIKON D5,Adobe Photoshop Lightroom Classic 9.2 (Macintosh),240.0,240.0,231,8.965784,7.400879,2018:06:03 02:42:41,0.6666666666666666,3.0,5,0,22.0,1,0,22,0,27,0,0,2,0.002,13.0,4,0,400,0,3502396,"(17.0, 35.0, 2.8, 2.8)",17.0-35.0 mm f/2.8,0,0,1552.056121826172,1552.056121826172,3.0,2.0,2020-03-11,14:09:32,-22.07017,138.07953,-17.620422,139.094148
iss055e114728.jpg,417170.9,27573.410256410258,2,238,NIKON CORPORATION,NIKON D5,Adobe Photoshop Lightroom Classic 10.3 (Macintosh),240.0,240.0,231,10.287712,8.33985,2018:06:03 01:06:18,-1.0,5.0,5,0,170.0,1,0,170,0,36,0,0,2,0.0008,18.0,2,0,400,0,3502401,"(50.0, 500.0, 4.5, 6.3)",50.0-500.0 mm f/4.5-6.3,0,0,1552.056121826172,1552.056121826172,3.0,2.0,2021-07-08,15:51:05,-32.60247,150.96104333333332,-27.443711,153.112493
iss055e114738.jpg,416448.8947368421,27574.970588235294,2,248,NIKON CORPORATION,NIKON D5,Adobe Photoshop Lightroom Classic 9.2 (Macintosh),240.0,240.0,231,9.965783992859269,8.0,2018:06:03 01:07:00,-1.0,4.5,5,0,58.0,1,0,58,0,51,0,0,2,0.001,16.0,2,0,400,0,3502401,"(50.0, 500.0, 4.5, 6.300000190736682)",50.0-500.0 mm f/4.5-6.3,0,0,1552.0561224489795,1552.0561224489795,3.0,2.0,2020-04-14,11:18:35,-30.73576111111112,153.10395277777778,-27.110347,153.204186
iss055e114813.jpg,406906.4285714286,27613.32,2,238,NIKON CORPORATION,NIKON D5,Adobe Photoshop Lightroom Classic 10.3 (Macintosh),240.0,240.0,231,8.965784,9.287712,2018:06:03 12:15:45,-1.0,4.7,5,0,95.0,1,0,95,0,57,0,0,2,0.002,25.0,4,0,400,0,3502401,"(50.0, 500.0, 4.5, 6.3)",50.0-500.0 mm f/4.5-6.3,0,0,1552.056121826172,1552.056121826172,3.0,2.0,2021-07-08,16:25:11,30.09963,38.184785,31.294883,35.323651
iss056e005404.jpg,406896.13333333336,27608.802816901407,2,232,NIKON CORPORATION,NIKON D5,Adobe Photoshop CC 2018 (Windows),300.0,300.0,221,8.965784,8.918863,2018:06:07 18:04:34,0.0,4.3,5,0,50.0,1,0,50,0,16,0,0,2,0.002,22.0,4,0,400,0,3502364,"(50.0, 500.0, 4.5, 6.3)",50.0-500.0 mm f/4.5-6.3,0,0,1552.056121826172,1552.056121826172,3.0,2.0,2018-06-08,07:19:20,23.28977,-81.68994859999637,24.882797,-81.266813
iss056e126635.jpg,402703.5,27627.39784946237,2,236,NIKON CORPORATION,NIKON D5,Adobe Photoshop Lightroom Classic 9.2 (Macintosh),240.0,240.0,231,9.321928,8.0,2018:08:02 12:09:49,0.0,3.0,5,0,31.0,1,0,31,0,66,0,0,2,0.0015625,16.0,4,0,400,0,3502396,"(28.0, 70.0, 2.8, 2.8)",28.0-70.0 mm f/2.8,0,0,1552.056121826172,1552.056121826172,3.0,2.0,2020-04-08,09:49:22,22.29498,33.178041666666665,22.511201,32.948643
iss057e114906.jpg,406169.5,27618.296875,2,236,NIKON CORPORATION,NIKON D5,Adobe Photoshop Lightroom Classic 9.2 (Macintosh),240.0,240.0,231,9.643856,7.61471,2018:12:07 20:21:39,0.0,5.0,5,0,800.0,1,0,800,0,93,0,0,2,0.00125,14.0,2,0,800,0,3502400,"(800.0, 800.0, 5.6, 5.6)",800.0 mm f/5.6,1,0,1552.056121826172,1552.056121826172,3.0,2.0,2020-03-17,10:20:07,32.15546,-119.02305,33.245924,-119.475401
iss057e114908.jpg,406209.5625,27618.464285714286,2,238,NIKON CORPORATION,NIKON D5,Adobe Photoshop Lightroom Classic 10.2 (Macintosh),240.0,240.0,231,9.321928,7.400879,2018:12:07 20:21:49,0.0,5.0,5,0,800.0,1,0,800,0,43,0,0,2,0.0015625,13.0,2,0,800,0,3502400,"(800.0, 800.0, 5.6, 5.6)",800.0 mm f/5.6,1,0,1552.056121826172,1552.056121826172,3.0,2.0,2021-06-09,11:11:10,32.59743,-118.50262666666669,33.736854,-118.207804
iss057e114935.jpg,406321.4375,27618.901960784315,2,240,NIKON CORPORATION,NIKON D5,Adobe Photoshop Lightroom Classic 10.1.1 (Macintosh),240.0,240.0,231,9.643856,7.61471,2018:12:07 20:22:16,0.0,5.0,5,0,800.0,1,0,800,0,43,0,0,2,0.00125,14.0,2,0,800,0,3502400,"(800.0, 800.0, 5.6, 5.6)",800.0 mm f/5.6,1,0,1552.056121826172,1552.056121826172,3.0,2.0,2021-02-24,13:45:40,33.77775,-117.06955,34.041358,-118.270602
iss057e115124.jpg,406411.02777777775,27618.434782608696,2,238,NIKON CORPORATION,NIKON D5,Adobe Photoshop Lightroom Classic 12.1 (Macintosh),240.0,240.0,231,9.643856,7.61471,2018:12:08 08:43:01,0.0,4.6,5,9,78.0,1,1,78,0,76,0,0,2,0.00125,14.0,2,0,640,0,3502401,"(50.0, 500.0, 4.5, 6.3)",50.0-500.0 mm f/4.5-6.3,0,0,1552.056121826172,1552.056121826172,3.0,2.0,2023-02-21,13:29:58,33.67164,54.53009166666666,34.62862,54.601982
iss058e027750.jpg,408826.9928057554,27609.70555555556,2,232,NIKON CORPORATION,NIKON D5,Adobe Photoshop CC 2018 (Windows),300.0,300.0,221,11.643856,8.0,2019:03:02 21:46:38,0.0,3.0,5,0,22.0,1,0,22,0,89,0,0,2,0.0003125,16.0,1,0,2500,1,3502524,"(17.0, 35.0, 2.8, 2.8)",17.0-35.0 mm f/2.8,1,0,1552.056121826172,1552.056121826172,3.0,2.0,2019-03-04,11:40:11,24.14851,-158.06371869996798,21.342792,-157.45632
iss060e036678.jpg,420244.9285714286,27586.561643835616,2,240,NIKON CORPORATION,NIKON D5,Adobe Photoshop Lightroom Classic 10.1.1 (Macintosh),240.0,240.0,231,11.965784,4.970854,2019:08:17 09:16:57,0.3333333333333333,1.0,5,0,50.0,1,0,50,0,23,0,0,2,0.00025,5.6,3,0,400,0,3502362,"(50.0, 50.0, 1.4, 1.4)",50.0 mm f/1.4,0,0,1552.056121826172,1552.056121826172,3.0,2.0,2021-04-27,13:55:46,37.2653,-10.29344296,38.942758,-8.375745
iss061e111827.jpg,418825.5714285714,27601.064935064936,2,240,NIKON CORPORATION,NIKON D5,Adobe Photoshop Lightroom Classic 10.1.1 (Macintosh),240.0,240.0,231,9.965784,6.643856,2020:01:01 17:08:30,0.0,3.0,5,0,400.0,1,0,400,0,89,0,0,2,0.001,10.0,4,0,400,0,3502400,"(400.0, 400.0, 2.8, 2.8)",400.0 mm f/2.8,0,1,1552.056121826172,1552.056121826172,3.0,2.0,2021-02-17,14:49:55,41.53446,-124.9872155,38.088082,-122.070298
iss061e112024.jpg,416761.9230769231,27594.166666666668,2,238,NIKON CORPORATION,NIKON D5,Adobe Photoshop Lightroom Classic 10.2 (Macintosh),240.0,240.0,231,9.965784,7.400879,2020:01:01 17:16:41,0.0,3.0,5,0,400.0,1,0,400,0,33,0,0,2,0.001,13.0,4,0,400,0,3502400,"(400.0, 400.0, 2.8, 2.8)",400.0 mm f/2.8,0,1,1552.056121826172,1552.056121826172,3.0,2.0,2021-05-25,13:25:34,19.95849,-99.480812,19.023329,-98.634386
iss061e112769.jpg,416758.4615384616,27593.624,2,240,NIKON CORPORATION,NIKON D5,Adobe Photoshop Lightroom Classic 10.1.1 (Macintosh),240.0,240.0,231,10.965784,5.310704,2020:01:01 17:17:03,0.0,5.0,5,0,800.0,1,0,800,0,46,0,0,2,0.0005,6.3,3,0,400,0,3502513,"(800.0, 800.0, 5.6, 5.6)",800.0 mm f/5.6,0,0,1552.056121826172,1552.056121826172,3.0,2.0,2021-02-24,17:32:48,18.8813,-98.58197872,16.871856,-99.847748
iss061e112874.jpg,419292.06666666665,27578.497005988025,2,238,NIKON CORPORATION,NIKON D5,Adobe Photoshop Lightroom Classic 10.3 (Macintosh),240.0,240.0,231,11.643856,5.310704,2020:01:01 17:24:10,0.0,5.0,5,0,800.0,1,0,800,0,34,0,0,2,0.0003125,6.3,3,0,400,0,3502513,"(800.0, 800.0, 5.6, 5.6)",800.0 mm f/5.6,0,0,1552.056121826172,1552.056121826172,3.0,2.0,2021-06-30,12:38:31,-2.65918,-82.68317424,-2.228839,-80.940087
iss063e002317.jpg,420195.8795180723,27591.58333333333,2,228,NIKON CORPORATION,NIKON D5,Adobe Photoshop 21.0 (Windows),300.0,300.0,231,9.321928,7.400879,2020:04:22 13:47:21,0.0,5.3,5,0,500.0,1,0,500,0,7,0,0,2,0.0015625,13.0,2,0,400,0,3502549,"(50.0, 500.0, 4.5, 6.3)",50.0-500.0 mm f/4.5-6.3,0,0,1552.056121826172,1552.056121826172,3.0,2.0,2020-04-23,11:20:22,34.9298,-7.544743724767422,34.035573,-4.9456
iss063e016842.jpg,419506.9404761905,27579.079365079364,2,228,NIKON CORPORATION,NIKON D5,Adobe Photoshop 21.0 (Windows),300.0,300.0,231,9.321928,7.400879,2020:05:23 12:13:27,0.0,5.0,5,0,140.0,1,0,140,0,20,0,0,2,0.0015625,13.0,2,0,400,0,3502549,"(50.0, 500.0, 4.5, 6.3)",50.0-500.0 mm f/4.5-6.3,0,0,1552.056121826172,1552.056121826172,3.0,2.0,2020-05-26,14:36:09,-7.1068,40.04484242005981,-4.257872,39.485015
iss063e017343.jpg,420347.8636363637,27593.82894736842,2,228,NIKON CORPORATION,NIKON D5,Adobe Photoshop 21.0 (Windows),300.0,300.0,231,9.321928,7.400879,2020:05:27 12:28:03,0.0,3.0,5,0,135.0,1,0,135,0,89,0,0,2,0.0015625,13.0,2,0,400,0,3502398,"(70.0, 200.0, 2.8, 2.8)",70.0-200.0 mm f/2.8,0,0,1552.056121826172,1552.056121826172,3.0,2.0,2020-05-27,19:22:19,39.26103,58.25995936981758,41.226935,61.58184
iss063e019722.jpg,417792.0759493671,27593.636363636364,2,228,NIKON CORPORATION,NIKON D5,Adobe Photoshop 21.0 (Windows),300.0,300.0,231,9.965784,8.0,2020:05:28 08:30:01,-0.6666666666666666,5.3,5,0,500.0,1,0,500,0,82,0,0,2,0.001,16.0,2,0,400,0,3502549,"(50.0, 500.0, 4.5, 6.3)",50.0-500.0 mm f/4.5-6.3,0,0,1552.056121826172,1552.056121826172,3.0,2.0,2020-05-28,11:06:56,24.99642,94.30214265046295,26.695292,92.91036
iss063e020911.jpg,417888.8392857143,27594.5125,2,228,NIKON CORPORATION,NIKON D5,Adobe Photoshop 21.0 (Windows),300.0,300.0,231,9.643856,7.61471,2020:05:30 19:20:05,0.0,5.0,5,0,800.0,1,0,800,0,57,0,0,2,0.00125,14.0,2,0,400,0,3502513,"(800.0, 800.0, 5.6, 5.6)",800.0 mm f/5.6,0,0,1552.056121826172,1552.056121826172,3.0,2.0,2020-05-30,20:14:03,26.9786,-80.67269841269842,28.61901,-80.655151
iss063e021035.jpg,421966.175257732,27591.98181818182,2,228,NIKON CORPORATION,NIKON D5,Adobe Photoshop 21.0 (Windows),300.0,300.0,231,8.965784,6.918863,2020:05:30 16:21:50,0.0,5.0,5,0,800.0,1,0,800,0,45,0,0,2,0.002,11.0,2,0,400,0,3502513,"(800.0, 800.0, 5.6, 5.6)",800.0 mm f/5.6,0,0,1552.056121826172,1552.056121826172,3.0,2.0,2020-05-31,10:15:16,45.11702,-6.791079070544968,43.561849,-6.001638
iss063e036877.jpg,420389.85507246375,27595.27160493828,2,228,NIKON CORPORATION,NIKON D5,Adobe Photoshop 21.0 (Windows),300.0,300.0,231,8.965784,6.918863,2020:07:03 16:21:57,0.0,3.0,5,0,135.0,1,0,135,0,90,0,0,2,0.002,11.0,2,0,400,0,3502461,"(70.0, 200.0, 2.8, 2.8)",70.0-200.0 mm f/2.8,0,0,1552.056121826172,1552.056121826172,3.0,2.0,2020-07-06,16:27:51,41.88307,-125.7047691993464,39.183225,-120.073817
iss063e038420.jpg,418569.7910447761,27583.91780821918,2,228,NIKON CORPORATION,NIKON D5,Adobe Photoshop 21.0 (Windows),300.0,300.0,231,9.643856,7.61471,2020:07:05 13:27:40,0.0,4.3,5,0,50.0,1,0,50,0,36,0,0,2,0.00125,14.0,2,0,400,0,3502513,"(50.0, 500.0, 4.5, 6.3)",50.0-500.0 mm f/4.5-6.3,0,0,1552.056121826172,1552.056121826172,3.0,2.0,2020-07-06,14:47:39,9.26136,-55.7712924382716,6.042421,-55.236238
iss063e040232.jpg,419262.0804597701,27590.275510204083,2,228,NIKON CORPORATION,NIKON D5,Adobe Photoshop 21.0 (Windows),300.0,300.0,231,9.321928,7.400879,2020:07:06 18:46:35,0.0,7.0,5,0,1600.0,1,0,1600,0,92,0,0,2,0.0015625,13.0,2,0,400,0,3502549,"(800.0, 800.0, 5.6, 5.6)",800.0 mm f/5.6,0,0,1552.056121826172,1552.056121826172,3.0,2.0,2020-07-07,10:27:18,27.08627,-159.1080396999634,21.430234,-157.801064
iss063e043605.jpg,418713.9871794872,27589.97183098592,2,228,NIKON CORPORATION,NIKON D5,Adobe Photoshop 21.0 (Windows),300.0,300.0,231,12.287712,8.0,2020:07:10 07:56:59,0.0,1.0,5,0,50.0,1,0,50,0,38,0,0,2,0.0002,16.0,2,0,6400,0,3502549,"(50.0, 50.0, 1.4, 1.4)",50.0 mm f/1.4,2,0,1552.056121826172,1552.056121826172,3.0,2.0,2020-07-10,08:38:20,23.09,-13.634375600384246,20.917666,-11.450432
iss063e044752.jpg,423929.96907216497,27565.1,2,228,NIKON CORPORATION,NIKON D5,Adobe Photoshop 21.0 (Windows),300.0,300.0,231,9.643856,8.0,2020:07:08 09:43:10,0.0,1.0,5,14,28.0,1,1,28,0,31,0,0,2,0.00125,16.0,1,0,400,1,3502550,"(28.0, 28.0, 1.4, 1.4)",28.0 mm f/1.4,0,0,1552.056121826172,1552.056121826172,3.0,2.0,2020-07-13,15:25:48,-15.75572,3.682188434397799,-21.811483,14.046979
iss063e051062.jpg,424378.6896551724,27563.29896907217,2,228,NIKON CORPORATION,NIKON D5,Adobe Photoshop 21.0 (Windows),300.0,300.0,231,9.321928,7.400879,2020:07:19 20:17:00,0.0,1.0,5,14,28.0,1,1,28,0,80,0,0,2,0.0015625,13.0,1,0,400,1,3502550,"(28.0, 28.0, 1.4, 1.4)",28.0 mm f/1.4,0,0,1552.056121826172,1552.056121826172,3.0,2.0,2020-07-20,16:03:52,-19.9685,-72.12457447985834,-15.524561,-68.958675
iss063e059453.jpg,421004.40579710144,27588.70512820513,2,228,NIKON CORPORATION,NIKON D5,Adobe Photoshop 21.0 (Windows),300.0,300.0,231,8.965784,6.918863,2020:07:25 22:06:23,-1.0,3.0,5,14,200.0,1,1,200,0,78,0,0,2,0.002,11.0,4,0,200,0,3502550,"(70.0, 200.0, 2.8, 2.8)",70.0-200.0 mm f/2.8,0,0,1552.056121826172,1552.056121826172,3.0,2.0,2020-07-27,16:43:57,37.00235,-82.54699631022,39.333892,-76.624956
iss063e069023.jpg,424359.38383838383,27587.555555555555,2,228,NIKON CORPORATION,NIKON D5,Adobe Photoshop 21.0 (Windows),300.0,300.0,231,8.965784,8.0,2020:08:13 19:56:44,0.0,1.0,5,0,50.0,1,0,50,0,3,0,0,2,0.002,16.0,1,0,400,1,3502461,"(50.0, 50.0, 1.4, 1.4)",50.0 mm f/1.4,0,0,1552.056121826172,1552.056121826172,3.0,2.0,2020-08-14,10:59:48,49.77347,-87.19251291021156,50.541404,-88.93803
iss063e070326.jpg,421749.6666666667,27586.28205128205,2,228,NIKON CORPORATION,NIKON D5,Adobe Photoshop 21.0 (Windows),300.0,300.0,231,8.965784,6.643856,2020:08:13 16:58:28,0.0,5.0,5,0,800.0,1,0,800,0,6,0,0,2,0.002,10.0,4,0,400,0,3502513,"(800.0, 800.0, 5.6, 5.6)",800.0 mm f/5.6,0,0,1552.056121826172,1552.056121826172,3.0,2.0,2020-08-14,10:22:44,35.19493,-7.123285174911388,37.119323,-8.555543
iss063e078453.jpg,425969.4166666667,27559.72413793104,2,228,NIKON CORPORATION,NIKON D5,Adobe Photoshop 21.0 (Windows),300.0,300.0,231,8.965784,6.918863,2020:08:26 18:01:53,0.0,3.0,5,0,70.0,1,0,70,0,72,0,0,2,0.002,11.0,4,0,400,0,3502608,"(24.0, 70.0, 2.8, 2.8)",24.0-70.0 mm f/2.8,0,0,1552.056121826172,1552.056121826172,3.0,2.0,2020-08-27,16:31:48,-21.64089,-48.472359919954265,-23.480128,-46.526761
iss063e079300.jpg,422467.3559322034,27589.05128205128,2,228,NIKON CORPORATION,NIKON D5,Adobe Photoshop 21.0 (Windows),300.0,300.0,231,8.965784,8.0,2020:08:25 18:26:05,0.0,1.0,5,0,24.0,1,0,24,0,52,0,0,2,0.002,16.0,1,0,400,1,3502461,"(24.0, 24.0, 1.4, 1.4)",24.0 mm f/1.4,0,0,1552.056121826172,1552.056121826172,3.0,2.0,2020-08-31,13:20:00,42.46012,-112.9353975,42.854284,-113.039808
iss063e088041.jpg,423322.02222222224,27568.03896103896,2,228,NIKON CORPORATION,NIKON D5,Adobe Photoshop 21.0 (Windows),300.0,300.0,231,8.965784,7.61471,2020:09:12 12:31:06,0.0,4.7,5,0,95.0,1,0,95,0,52,0,0,2,0.002,14.0,4,0,400,0,3502421,"(50.0, 500.0, 4.5, 6.3)",50.0-500.0 mm f/4.5-6.3,0,0,1552.056121826172,1552.056121826172,3.0,2.0,2020-09-14,15:19:30,-14.497979999999998,-71.73060087003806,-15.466468,-72.617483
iss063e088058.jpg,423409.1111111111,27567.805970149253,2,228,NIKON CORPORATION,NIKON D5,Adobe Photoshop 21.0 (Windows),300.0,300.0,231,8.965784,7.61471,2020:09:12 12:31:12,0.0,5.3,5,0,500.0,1,0,500,0,29,0,0,2,0.002,14.0,4,0,400,0,3502421,"(50.0, 500.0, 4.5, 6.3)",50.0-500.0 mm f/4.5-6.3,0,0,1552.056121826172,1552.056121826172,3.0,2.0,2020-09-14,15:20:21,-14.79678,-71.49932502996063,-15.551153,-72.615401
iss063e088491.jpg,436810.9512195122,27537.078125,2,228,NIKON CORPORATION,NIKON D5,Adobe Photoshop 21.0 (Windows),300.0,300.0,231,8.965784,8.643856,2020:09:15 18:19:36,0.0,5.0,5,0,800.0,1,0,800,0,63,0,0,2,0.002,20.0,4,0,400,0,3502513,"(800.0, 800.0, 5.6, 5.6)",800.0 mm f/5.6,0,0,1552.056121826172,1552.056121826172,3.0,2.0,2020-09-15,16:36:13,-48.28307,-71.80104725013959,-49.496582,-73.074898
iss063e088525.jpg,436370.93333333335,27537.97183098592,2,228,NIKON CORPORATION,NIKON D5,Adobe Photoshop 21.0 (Windows),300.0,300.0,231,8.965784,8.0,2020:09:15 18:20:19,0.0,5.0,5,0,800.0,1,0,800,0,83,0,0,2,0.002,16.0,4,0,400,0,3502513,"(800.0, 800.0, 5.6, 5.6)",800.0 mm f/5.6,0,0,1552.056121826172,1552.056121826172,3.0,2.0,2020-09-15,16:38:22,-47.19972,-68.20217884990254,-47.425904,-71.880462
iss063e096070.jpg,421712.8762886598,27573.03092783505,2,228,NIKON CORPORATION,NIKON D5,Adobe Photoshop 21.0 (Windows),300.0,300.0,231,8.965784,8.0,2020:09:24 11:39:31,0.0,1.0,5,0,24.0,1,0,24,0,3,0,0,2,0.002,16.0,1,0,400,1,3502608,"(24.0, 24.0, 1.4, 1.4)",24.0 mm f/1.4,0,0,1552.056121826172,1552.056121826172,3.0,2.0,2020-09-25,14:12:20,-3.03137,36.06682650941997,-3.058572,36.019304
iss063e097910.jpg,431132.7710843373,27548.53409090909,2,228,NIKON CORPORATION,NIKON D5,Adobe Photoshop 21.0 (Windows),300.0,300.0,231,8.965784,8.0,2020:10:01 13:49:47,0.0,4.3,5,0,50.0,1,0,50,0,26,0,0,2,0.002,16.0,4,0,400,0,3502421,"(50.0, 500.0, 4.5, 6.3)",50.0-500.0 mm f/4.5-6.3,0,0,1552.056121826172,1552.056121826172,3.0,2.0,2020-10-01,11:12:32,-32.969480000000004,-66.85279335016834,-30.12067,-66.380514
iss064e027837.jpg,426095.51851851854,27563.983333333334,2,228,NIKON CORPORATION,NIKON D5,Adobe Photoshop 22.0 (Windows),300.0,300.0,231,8.321928,8.33985,2021:01:29 13:27:55,0.0,5.2,5,0,240.0,1,0,240,0,4,0,0,2,0.003125,18.0,4,0,250,0,3502439,"(50.0, 500.0, 4.5, 6.3)",50.0-500.0 mm f/4.5-6.3,0,0,1552.056121826172,1552.056121826172,3.0,2.0,2021-01-29,15:15:36,-26.84751,-46.09185805012015,-22.794843,-43.242388
iss064e028123.jpg,422895.8690476191,27584.50505050505,2,392,NIKON CORPORATION,NIKON D850,Adobe Photoshop 22.0 (Windows),300.0,300.0,231,11.287712,5.655638,2021:01:30 13:03:27,-0.3333333333333333,4.0,5,0,46.0,1,0,46,0,97,2,2,2,0.0004,7.1,3,0,400,0,6033697,"(24.0, 120.0, 4.0, 4.0)",24.0-120.0 mm f/4.0,0,0,,,3.0,2.0,2021-02-01,16:34:20,37.13601,14.239226330203442,37.879199,14.5172
iss064e028560.jpg,420155.202020202,27587.21568627451,2,238,NIKON CORPORATION,NIKON D5,Adobe Photoshop Lightroom Classic 10.3 (Macintosh),240.0,240.0,231,10.643856,6.918863,2021:02:01 17:37:57,0.0,5.0,5,0,800.0,1,0,800,0,93,0,0,2,0.000625,11.0,4,0,800,0,3502532,"(800.0, 800.0, 5.6, 5.6)",800.0 mm f/5.6,1,0,1552.056121826172,1552.056121826172,3.0,2.0,2021-07-06,10:22:46,25.7232,-81.67581438833334,24.571098,-81.755239
iss064e031416.jpg,425246.6477272727,27586.14864864865,2,228,NIKON CORPORATION,NIKON D5,Adobe Photoshop 22.0 (Windows),300.0,300.0,231,9.643856,7.61471,2021:02:12 10:52:47,0.0,5.0,5,0,140.0,1,0,140,0,51,0,0,2,0.00125,14.0,4,0,400,0,3502439,"(50.0, 500.0, 4.5, 6.3)",50.0-500.0 mm f/4.5-6.3,0,0,1552.056121826172,1552.056121826172,3.0,2.0,2021-02-12,12:36:58,51.11584,11.134717230067038,52.579742,5.53342
iss064e033296.jpg,424988.2340425532,27584.521276595744,2,228,NIKON CORPORATION,NIKON D5,Adobe Photoshop 22.0 (Windows),300.0,300.0,231,8.965784,8.918863,2021:02:15 16:25:06,0.0,4.9,5,0,116.0,1,0,116,0,42,0,0,2,0.002,22.0,4,0,400,0,3502439,"(50.0, 500.0, 4.5, 6.3)",50.0-500.0 mm f/4.5-6.3,0,0,1552.056121826172,1552.056121826172,3.0,2.0,2021-02-17,10:59:28,47.77884,-48.62541899962672,51.985828,-55.492625
iss064e035644.jpg,424218.8271604938,27587.766666666663,2,228,NIKON CORPORATION,NIKON D5,Adobe Photoshop 22.0 (Windows),300.0,300.0,231,8.643856,8.918863,2021:02:20 17:11:21,0.0,4.3,5,0,50.0,1,0,50,0,68,0,0,2,0.0025,22.0,4,0,500,0,3502439,"(50.0, 500.0, 4.5, 6.3)",50.0-500.0 mm f/4.5-6.3,0,0,1552.056121826172,1552.056121826172,3.0,2.0,2021-02-22,19:13:06,48.10061,-91.187699119912,47.237943,-90.01773
iss065e012122.jpg,421965.7413793103,27577.68604651163,2,307,NIKON CORPORATION,NIKON D5,Adobe Photoshop 22.0 (Windows),300.0,300.0,231,10.287712,6.0,2021:05:01 09:39:47,-1.0,3.0,5,0,32.0,1,0,32,0,93,0,0,2,0.0008,8.0,4,0,100,0,3502403,"(28.0, 70.0, 2.8, 2.8)",28.0-70.0 mm f/2.8,0,0,1552.056121826172,1552.056121826172,3.0,2.0,2021-05-03,15:45:12,22.37066,10.743277720147532,21.916841,17.409515
iss065e012335.jpg,423558.8405797101,27578.944444444445,2,299,NIKON CORPORATION,NIKON D5,Adobe Photoshop 22.0 (Windows),300.0,300.0,231,8.965784,8.643856,2021:04:30 07:16:16,0.0,4.3,5,0,50.0,1,0,50,0,69,0,0,2,0.002,20.0,4,0,400,0,3502439,"(50.0, 500.0, 4.5, 6.3)",50.0-500.0 mm f/4.5-6.3,0,0,1552.056121826172,1552.056121826172,3.0,2.0,2021-05-03,16:03:40,33.7738,40.28384307992202,32.183196,45.610264
iss065e012550.jpg,421513.0,27577.408450704224,2,273,NIKON CORPORATION,NIKON D5,Adobe Photoshop 22.0 (Windows),300.0,300.0,231,8.965784,8.643856,2021:05:01 15:52:44,0.0,4.3,5,0,50.0,1,0,50,0,28,0,0,2,0.002,20.0,4,0,400,0,3502439,"(50.0, 500.0, 4.5, 6.3)",50.0-500.0 mm f/4.5-6.3,0,0,1552.056121826172,1552.056121826172,3.0,2.0,2021-05-03,16:25:57,18.47024,-80.37414384002057,18.324289,-77.722524
iss065e012854.jpg,422093.109090909,27577.7875,2,293,NIKON CORPORATION,NIKON D5,Adobe Photoshop 22.0 (Windows),300.0,300.0,231,9.965784,6.643856,2021:05:01 08:06:31,0.0,3.0,5,0,200.0,1,0,200,0,28,0,0,2,0.001,10.0,4,0,400,0,3502402,"(70.0, 200.0, 2.8, 2.8)",70.0-200.0 mm f/2.8,0,0,1552.056121826172,1552.056121826172,3.0,2.0,2021-05-03,21:16:32,23.41528,33.41721170998981,24.399968,39.580929
iss065e012914.jpg,421594.6081081081,27577.674418604653,2,292,NIKON CORPORATION,NIKON D5,Adobe Photoshop 22.0 (Windows),300.0,300.0,231,8.643856,6.643856,2021:05:02 15:05:52,0.0,3.0,5,0,28.0,1,0,28,0,7,0,0,2,0.0025,10.0,2,0,100,0,3502403,"(28.0, 70.0, 2.8, 2.8)",28.0-70.0 mm f/2.8,0,0,1552.056121826172,1552.056121826172,3.0,2.0,2021-05-03,21:44:06,19.70429,-75.52501557987536,23.007176,-78.68428
iss065e012968.jpg,420014.8571428572,27585.50505050505,2,295,NIKON CORPORATION,NIKON D5,Adobe Photoshop 22.0 (Windows),300.0,300.0,231,4.906891,0.526069,2021:05:01 16:52:44,0.0,0.0,5,0,58.0,1,0,58,1,56,0,0,2,0.0333333333333333,1.2,1,1,40000,1,3502421,"(0.0, 0.0, 0.0, 0.0)",0.0 mm f/0.0,2,0,1552.056121826172,1552.056121826172,3.0,2.0,2021-05-03,21:47:35,22.22523,118.37534,23.742209,120.791696
iss065e012973.jpg,420673.5294117647,27585.355263157893,2,295,NIKON CORPORATION,NIKON D5,Adobe Photoshop 22.0 (Windows),300.0,300.0,231,5.906891,0.526069,2021:05:01 16:54:10,0.0,0.0,5,0,58.0,1,0,58,1,26,0,0,2,0.0166666666666666,1.2,1,1,32000,1,3502421,"(0.0, 0.0, 0.0, 0.0)",0.0 mm f/0.0,2,0,1552.056121826172,1552.056121826172,3.0,2.0,2021-05-03,21:47:54,26.31569,122.15906870039684,30.665248,121.229966
iss065e012990.jpg,422258.5,27584.4,2,295,NIKON CORPORATION,NIKON D5,Adobe Photoshop 22.0 (Windows),300.0,300.0,231,5.906891,0.526069,2021:05:01 16:57:00,0.0,0.0,5,0,58.0,1,0,58,1,86,0,0,2,0.0166666666666666,1.2,1,1,64000,1,3502421,"(0.0, 0.0, 0.0, 0.0)",0.0 mm f/0.0,2,0,1552.056121826172,1552.056121826172,3.0,2.0,2021-05-03,21:49:02,33.98464,130.57296280023434,34.992024,136.568165
iss065e013068.jpg,423708.6428571429,27578.091836734693,2,287,NIKON CORPORATION,NIKON D5,Adobe Photoshop 22.0 (Windows),300.0,300.0,231,8.965784,8.643856,2021:05:01 08:02:53,0.0,4.5,5,0,65.0,1,0,65,0,9,0,0,2,0.002,20.0,4,0,400,0,3502439,"(50.0, 500.0, 4.5, 6.3)",50.0-500.0 mm f/4.5-6.3,0,0,1552.056121826172,1552.056121826172,3.0,2.0,2021-05-03,21:55:33,33.40787,22.997339380196525,29.454869,31.658554
iss065e013070.jpg,423642.84375,27578.09523809524,2,287,NIKON CORPORATION,NIKON D5,Adobe Photoshop 22.0 (Windows),300.0,300.0,231,8.965784,8.0,2021:05:01 08:03:01,0.0,4.5,5,0,65.0,1,0,65,0,84,0,0,2,0.002,16.0,4,0,400,0,3502439,"(50.0, 500.0, 4.5, 6.3)",50.0-500.0 mm f/4.5-6.3,0,0,1552.056121826172,1552.056121826172,3.0,2.0,2021-05-03,21:55:39,33.05972,23.420498060404544,29.346051,35.916086
iss065e013072.jpg,423438.9625,27578.101449275364,2,287,NIKON CORPORATION,NIKON D5,Adobe Photoshop 22.0 (Windows),300.0,300.0,231,8.965784,8.643856,2021:05:01 08:03:26,0.0,4.5,5,0,65.0,1,0,65,0,42,0,0,2,0.002,20.0,4,0,400,0,3502439,"(50.0, 500.0, 4.5, 6.3)",50.0-500.0 mm f/4.5-6.3,0,0,1552.056121826172,1552.056121826172,3.0,2.0,2021-05-03,21:55:44,31.96109,24.720052830608385,26.642039,31.762687
iss065e013073.jpg,423358.2947368421,27578.101265822785,2,287,NIKON CORPORATION,NIKON D5,Adobe Photoshop 22.0 (Windows),300.0,300.0,231,8.965784,8.33985,2021:05:01 08:03:36,0.0,4.9,5,0,116.0,1,0,116,0,20,0,0,2,0.002,18.0,4,0,400,0,3502439,"(50.0, 500.0, 4.5, 6.3)",50.0-500.0 mm f/4.5-6.3,0,0,1552.056121826172,1552.056121826172,3.0,2.0,2021-05-03,21:55:47,31.51729,25.23048294991026,28.586666,34.038843
iss065e013074.jpg,423318.1794871795,27578.10101010101,2,287,NIKON CORPORATION,NIKON D5,Adobe Photoshop 22.0 (Windows),300.0,300.0,231,8.965784,8.643856,2021:05:01 08:03:41,0.0,4.9,5,0,116.0,1,0,116,0,65,0,0,2,0.002,20.0,4,0,400,0,3502439,"(50.0, 500.0, 4.5, 6.3)",50.0-500.0 mm f/4.5-6.3,0,0,1552.056121826172,1552.056121826172,3.0,2.0,2021-05-03,21:55:50,31.294490000000003,25.48373960983885,29.280825,35.143501
iss065e013077.jpg,423088.8048780488,27578.088888888888,2,287,NIKON CORPORATION,NIKON D5,Adobe Photoshop 22.0 (Windows),300.0,300.0,231,8.965784,8.0,2021:05:01 08:04:10,0.0,5.0,5,0,170.0,1,0,170,0,73,0,0,2,0.002,16.0,4,0,400,0,3502439,"(50.0, 500.0, 4.5, 6.3)",50.0-500.0 mm f/4.5-6.3,0,0,1552.056121826172,1552.056121826172,3.0,2.0,2021-05-03,21:55:59,29.99087,26.92772266979971,30.980757,29.932224
iss065e013079.jpg,422965.0,27578.07608695652,2,287,NIKON CORPORATION,NIKON D5,Adobe Photoshop 22.0 (Windows),300.0,300.0,231,8.965784,8.0,2021:05:01 08:04:26,0.0,5.0,5,0,170.0,1,0,170,0,26,0,0,2,0.002,16.0,4,0,400,0,3502439,"(50.0, 500.0, 4.5, 6.3)",50.0-500.0 mm f/4.5-6.3,0,0,1552.056121826172,1552.056121826172,3.0,2.0,2021-05-03,21:56:05,29.26368,27.706871520213024,29.333794,30.680242
iss065e013101.jpg,421489.625,27577.136363636364,2,287,NIKON CORPORATION,NIKON D5,Adobe Photoshop 22.0 (Windows),300.0,300.0,231,8.965784,8.643856,2021:05:01 08:08:29,0.0,4.7,5,0,95.0,1,0,95,0,26,0,0,2,0.002,20.0,4,0,400,0,3502439,"(50.0, 500.0, 4.5, 6.3)",50.0-500.0 mm f/4.5-6.3,0,0,1552.056121826172,1552.056121826172,3.0,2.0,2021-05-03,21:57:13,17.6807,38.314289470042894,12.508879,43.366674
iss065e013131.jpg,425208.3857142857,27577.968421052632,2,290,NIKON CORPORATION,NIKON D5,Adobe Photoshop 22.0 (Windows),300.0,300.0,231,8.965784,8.918863,2021:05:01 17:17:12,0.0,5.1,5,0,210.0,1,0,210,0,43,0,0,2,0.002,22.0,4,0,400,0,3502439,"(50.0, 500.0, 4.5, 6.3)",50.0-500.0 mm f/4.5-6.3,0,0,1552.056121826172,1552.056121826172,3.0,2.0,2021-05-03,22:02:53,40.95015,-129.66675980010382,37.972478,-122.042438
iss065e013167.jpg,423633.8552631579,27578.19587628866,2,290,NIKON CORPORATION,NIKON D5,Adobe Photoshop 22.0 (Windows),300.0,300.0,231,8.965784,8.643856,2021:05:01 17:20:24,0.0,5.1,5,0,210.0,1,0,210,0,71,0,0,2,0.002,20.0,4,0,400,0,3502439,"(50.0, 500.0, 4.5, 6.3)",50.0-500.0 mm f/4.5-6.3,0,0,1552.056121826172,1552.056121826172,3.0,2.0,2021-05-03,22:04:47,33.16127,-118.35530300013276,32.590144,-117.079155
iss065e020850.jpg,425294.6931818182,27578.379310344822,2,290,NIKON CORPORATION,NIKON D5,Adobe Photoshop 22.0 (Windows),300.0,300.0,231,10.287712,6.0,2021:05:05 12:38:02,0.0,6.0,5,0,1150.0,1,0,1150,0,61,0,0,2,0.0008,8.0,4,0,400,0,3502532,"(800.0, 800.0, 5.6, 5.6)",800.0 mm f/5.6,0,0,1552.056121826172,1552.056121826172,3.0,2.0,2021-05-06,14:39:17,41.96829,-84.44065509954399,41.876768,-87.640349
iss065e020909.jpg,424790.1081081081,27578.36231884058,2,305,NIKON CORPORATION,NIKON D5,Adobe Photoshop 22.0 (Windows),300.0,300.0,231,10.287712,6.0,2021:05:05 14:12:04,0.0,6.0,5,0,1150.0,1,0,1150,0,30,0,0,2,0.0008,8.0,4,0,400,0,3502532,"(800.0, 800.0, 5.6, 5.6)",800.0 mm f/5.6,0,0,1552.056121826172,1552.056121826172,3.0,2.0,2021-05-06,14:45:57,39.43949,-103.62112450142448,39.74582,-104.987995
iss065e021023.jpg,423377.5970149254,27578.579545454544,2,294,NIKON CORPORATION,NIKON D5,Adobe Photoshop 22.0 (Windows),300.0,300.0,231,10.287712,6.33985,2021:05:05 15:47:48,0.0,6.0,5,0,1150.0,1,0,1150,0,79,0,0,2,0.0008,9.0,4,0,400,0,3502532,"(800.0, 800.0, 5.6, 5.6)",800.0 mm f/5.6,0,0,1552.056121826172,1552.056121826172,3.0,2.0,2021-05-06,14:58:30,32.38669,-117.54970390001309,33.946956,-118.414378
iss065e021034.jpg,423324.3623188406,27578.565789473683,2,294,NIKON CORPORATION,NIKON D5,Adobe Photoshop 22.0 (Windows),300.0,300.0,231,10.287712,6.0,2021:05:05 15:47:55,0.0,6.0,5,0,1150.0,1,0,1150,0,67,0,0,2,0.0008,8.0,4,0,400,0,3502532,"(800.0, 800.0, 5.6, 5.6)",800.0 mm f/5.6,0,0,1552.056121826172,1552.056121826172,3.0,2.0,2021-05-06,14:59:33,32.077940000000005,-117.1882375,34.071877,-118.259328
iss065e021241.jpg,424228.0918367347,27578.452631578948,2,288,NIKON CORPORATION,NIKON D5,Adobe Photoshop 22.0 (Windows),300.0,300.0,231,10.643856,6.643856,2021:05:06 07:15:08,0.0,6.0,5,0,1150.0,1,0,1150,0,91,0,0,2,0.000625,10.0,3,0,800,0,3502532,"(800.0, 800.0, 5.6, 5.6)",800.0 mm f/5.6,1,0,1552.056121826172,1552.056121826172,3.0,2.0,2021-05-06,15:51:12,36.72088,0.7907839638353557,38.344237,-0.495215
iss065e021246.jpg,424120.5625,27578.43298969072,2,288,NIKON CORPORATION,NIKON D5,Adobe Photoshop 22.0 (Windows),300.0,300.0,231,9.965784,6.643856,2021:05:06 07:15:22,0.0,6.0,5,0,1150.0,1,0,1150,0,25,0,0,2,0.001,10.0,3,0,800,0,3502532,"(800.0, 800.0, 5.6, 5.6)",800.0 mm f/5.6,1,0,1552.056121826172,1552.056121826172,3.0,2.0,2021-05-06,15:51:55,36.1424,1.5955123456790126,38.669212,1.50287
iss065e021254.jpg,424089.8245614035,27578.42708333333,2,288,NIKON CORPORATION,NIKON D5,Adobe Photoshop 22.0 (Windows),300.0,300.0,231,10.287712,6.643856,2021:05:06 07:15:26,0.0,6.0,5,0,1150.0,1,0,1150,0,64,0,0,2,0.0008,10.0,3,0,800,0,3502532,"(800.0, 800.0, 5.6, 5.6)",800.0 mm f/5.6,1,0,1552.056121826172,1552.056121826172,3.0,2.0,2021-05-06,15:52:51,35.97598,1.8231003720615595,38.705129,1.41584
iss065e023017.jpg,426477.07936507935,27579.33333333333,2,295,NIKON CORPORATION,NIKON D5,Adobe Photoshop 22.0 (Windows),300.0,300.0,231,8.643856,6.643856,2021:05:06 22:37:54,0.0,6.0,5,0,1150.0,1,0,1150,0,4,0,0,2,0.0025,10.0,3,0,800,0,3502532,"(800.0, 800.0, 5.6, 5.6)",800.0 mm f/5.6,1,0,1552.056121826172,1552.056121826172,3.0,2.0,2021-05-07,13:06:01,48.98531,97.44484867025616,48.35897,96.102511
iss065e028059.jpg,417640.7307692308,27592.673684210527,2,325,NIKON CORPORATION,NIKON D5,Adobe Photoshop 22.0 (Windows),300.0,300.0,231,8.965784,8.33985,2021:05:19 18:24:01,0.0,3.0,5,0,70.0,1,0,70,0,15,0,0,2,0.002,18.0,3,0,1000,0,3502608,"(70.0, 200.0, 2.8, 2.8)",70.0-200.0 mm f/2.8,1,0,1552.056121826172,1552.056121826172,3.0,2.0,2021-05-20,09:49:06,18.21691,-15.34663270005757,19.026214,-15.745933
iss065e028128.jpg,420090.4358974359,27593.848484848484,2,299,NIKON CORPORATION,NIKON D5,Adobe Photoshop 22.0 (Windows),300.0,300.0,231,6.965784,8.33985,2021:05:20 02:14:39,0.0,3.0,5,0,70.0,1,0,70,0,14,0,0,2,0.008,18.0,3,1,1000,0,3502608,"(70.0, 200.0, 2.8, 2.8)",70.0-200.0 mm f/2.8,1,0,1552.056121826172,1552.056121826172,3.0,2.0,2021-05-20,09:53:47,35.25484,-116.1562729003093,36.074243,-114.742723
iss065e053056.jpg,417389.5,27590.636363636364,2,294,NIKON CORPORATION,NIKON D5,Adobe Photoshop 22.0 (Windows),300.0,300.0,231,5.906891,9.287712,2021:05:21 13:42:41,0.0,4.6,5,0,78.0,1,0,78,0,68,0,0,2,0.0166666666666666,25.0,4,1,500,0,3502439,"(50.0, 500.0, 4.5, 6.3)",50.0-500.0 mm f/4.5-6.3,0,0,1552.056121826172,1552.056121826172,3.0,2.0,2021-05-24,11:41:59,10.60891,37.74815909090909,12.085433,37.309872
iss065e053067.jpg,417371.6947368421,27591.88095238096,2,294,NIKON CORPORATION,NIKON D5,Adobe Photoshop 22.0 (Windows),300.0,300.0,231,5.906891,8.643856,2021:05:21 13:43:49,0.0,4.3,5,0,50.0,1,0,50,0,28,0,0,2,0.0166666666666666,20.0,4,1,100,0,3502439,"(50.0, 500.0, 4.5, 6.3)",50.0-500.0 mm f/4.5-6.3,0,0,1552.056121826172,1552.056121826172,3.0,2.0,2021-05-24,11:42:29,14.02394,40.31958526968033,13.703834,40.725732
iss065e053070.jpg,417405.8,27592.35051546392,2,294,NIKON CORPORATION,NIKON D5,Adobe Photoshop 22.0 (Windows),300.0,300.0,231,5.906891,8.918863,2021:05:21 13:44:19,0.0,4.3,5,0,50.0,1,0,50,0,20,0,0,2,0.0166666666666666,22.0,4,1,100,0,3502439,"(50.0, 500.0, 4.5, 6.3)",50.0-500.0 mm f/4.5-6.3,0,0,1552.056121826172,1552.056121826172,3.0,2.0,2021-05-24,11:42:38,15.51994,41.47979841960974,15.274644,33.167073
iss065e053078.jpg,418197.595959596,27594.28735632184,2,294,NIKON CORPORATION,NIKON D5,Adobe Photoshop 22.0 (Windows),300.0,300.0,231,5.906891,8.33985,2021:05:21 13:47:37,0.0,4.3,5,0,50.0,1,0,50,0,84,0,0,2,0.0166666666666666,18.0,4,1,100,0,3502439,"(50.0, 500.0, 4.5, 6.3)",50.0-500.0 mm f/4.5-6.3,0,0,1552.056121826172,1552.056121826172,3.0,2.0,2021-05-24,11:43:01,25.15405,49.705360770046994,25.243304,51.182826
iss065e053081.jpg,419268.4666666667,27594.57,2,294,NIKON CORPORATION,NIKON D5,Adobe Photoshop 22.0 (Windows),300.0,300.0,231,5.906891,8.643856,2021:05:21 13:50:03,0.0,4.3,5,0,50.0,1,0,50,0,51,0,0,2,0.0166666666666666,20.0,4,1,100,0,3502439,"(50.0, 500.0, 4.5, 6.3)",50.0-500.0 mm f/4.5-6.3,0,0,1552.056121826172,1552.056121826172,3.0,2.0,2021-05-24,11:43:09,31.861130000000003,56.68069324020552,31.583607,54.562364
iss065e053098.jpg,420326.1282051282,27594.306666666667,2,294,NIKON CORPORATION,NIKON D5,Adobe Photoshop 22.0 (Windows),300.0,300.0,231,5.906891004156053,8.0,2021:05:21 23:09:30,0.0,4.3,5,0,50.0,1,0,50,0,51,0,0,2,0.0166666666666666,16.0,4,1,100,0,3502439,"(50.0, 500.0, 4.5, 6.300000190736682)",50.0-500.0 mm f/4.5-6.3,0,0,1552.0561224489795,1552.0561224489795,3.0,2.0,2021-05-24,11:45:17,37.11181944444444,-78.22574444444444,38.78977,-78.73918
iss065e053450.jpg,423669.88,27585.44318181818,2,321,NIKON CORPORATION,NIKON D5,Adobe Photoshop 22.0 (Windows),300.0,300.0,231,6.321928,2.970854,2021:05:21 23:27:32,0.0,3.0,5,0,400.0,1,0,400,0,93,0,0,2,0.0125,2.8,4,1,12800,0,3502513,"(400.0, 400.0, 2.8, 2.8)",400.0 mm f/2.8,2,0,1552.056121826172,1552.056121826172,3.0,2.0,2021-05-24,12:31:35,42.90851,13.637213459516298,41.870455,12.559192
iss065e053554.jpg,421944.4358974359,27582.46913580247,2,321,NIKON CORPORATION,NIKON D5,Adobe Photoshop 22.0 (Windows),300.0,300.0,231,6.321928,2.970854,2021:05:21 23:32:46,0.0,3.0,5,0,400.0,1,0,400,0,8,0,0,2,0.0125,2.8,4,1,12800,0,3502513,"(400.0, 400.0, 2.8, 2.8)",400.0 mm f/2.8,2,0,1552.056121826172,1552.056121826172,3.0,2.0,2021-05-24,12:36:56,30.1646,32.102114790286976,30.032425,31.425661
iss065e053870.jpg,421281.2727272727,27592.75,2,287,NIKON CORPORATION,NIKON D5,Adobe Photoshop 22.0 (Windows),300.0,300.0,231,6.321928,8.0,2021:05:22 16:12:35,0.0,3.0,5,0,400.0,1,0,400,0,84,0,0,2,0.0125,16.0,4,1,250,0,3502513,"(400.0, 400.0, 2.8, 2.8)",400.0 mm f/2.8,0,0,1552.056121826172,1552.056121826172,3.0,2.0,2021-05-24,12:58:51,39.51998,25.729667729930885,37.981315,23.734243
iss065e054515.jpg,421723.6142857143,27592.397959183672,2,323,NIKON CORPORATION,NIKON D5,Adobe Photoshop 22.0 (Windows),300.0,300.0,231,9.643856,6.643856,2021:05:22 16:13:22,0.0,6.0,5,0,1150.0,1,0,1150,0,64,0,0,2,0.00125,10.0,3,0,800,0,3502532,"(800.0, 800.0, 5.6, 5.6)",800.0 mm f/5.6,1,0,1552.056121826172,1552.056121826172,3.0,2.0,2021-05-24,14:06:33,41.29089,28.77106785063752,40.143393,26.39747
iss065e054537.jpg,421807.68888888886,27592.32631578948,2,323,NIKON CORPORATION,NIKON D5,Adobe Photoshop 22.0 (Windows),300.0,300.0,231,9.643856,6.643856,2021:05:22 16:13:31,0.0,6.0,5,0,1150.0,1,0,1150,0,44,0,0,2,0.00125,10.0,3,0,800,0,3502532,"(800.0, 800.0, 5.6, 5.6)",800.0 mm f/5.6,1,0,1552.056121826172,1552.056121826172,3.0,2.0,2021-05-24,14:07:47,41.61933,29.37306690997567,40.351718,26.664388
iss065e054848.jpg,426141.8977272727,27563.298507462685,2,323,NIKON CORPORATION,NIKON D5,Adobe Photoshop 22.0 (Windows),300.0,300.0,231,8.965784,8.0,2021:05:22 12:43:59,-0.6666666666666666,1.0,5,9,24.0,1,1,24,0,24,0,0,2,0.002,16.0,1,0,400,1,3502549,"(24.0, 24.0, 1.4, 1.4)",24.0 mm f/1.4,0,0,1552.056121826172,1552.056121826172,3.0,2.0,2021-05-24,17:41:07,-26.45626,15.205235890652556,-25.664862,16.365707
iss065e055715.jpg,420033.7162162162,27579.63440860215,2,323,NIKON CORPORATION,NIKON D5,Adobe Photoshop 22.0 (Windows),300.0,300.0,231,8.965784,8.0,2021:05:22 12:50:14,-0.6666666666666666,1.0,5,9,24.0,1,1,24,0,68,0,0,2,0.002,16.0,1,0,400,1,3502549,"(24.0, 24.0, 1.4, 1.4)",24.0 mm f/1.4,0,0,1552.056121826172,1552.056121826172,3.0,2.0,2021-05-24,18:25:21,-8.04204,30.28798421962819,-7.213312,31.278937
iss065e056234.jpg,417630.4456521739,27589.819277108432,2,323,NIKON CORPORATION,NIKON D5,Adobe Photoshop 22.0 (Windows),300.0,300.0,231,8.965784,8.0,2021:05:22 12:56:04,-0.6666666666666666,1.0,5,9,24.0,1,1,24,0,44,0,0,2,0.002,16.0,1,0,400,1,3502549,"(24.0, 24.0, 1.4, 1.4)",24.0 mm f/1.4,0,0,1552.056121826172,1552.056121826172,3.0,2.0,2021-05-24,18:49:48,9.75586,42.96565453011423,10.514569,43.972472
iss065e056976.jpg,419776.94845360826,27593.561643835616,2,286,NIKON CORPORATION,NIKON D5,Adobe Photoshop 22.0 (Windows),300.0,300.0,231,8.965784,8.918863,2021:05:22 16:09:52,0.0,4.3,5,0,50.0,1,0,50,0,68,0,0,2,0.002,22.0,3,0,400,0,3502439,"(50.0, 500.0, 4.5, 6.3)",50.0-500.0 mm f/4.5-6.3,0,0,1552.056121826172,1552.056121826172,3.0,2.0,2021-05-24,15:32:44,32.76912,16.375341730130835,38.44067,21.308959
iss065e056990.jpg,420837.75,27593.056338028167,2,286,NIKON CORPORATION,NIKON D5,Adobe Photoshop 22.0 (Windows),300.0,300.0,231,7.643856,8.918863,2021:05:22 16:11:48,0.0,4.3,5,0,50.0,1,0,50,0,89,0,0,2,0.005,22.0,3,1,400,0,3502439,"(50.0, 500.0, 4.5, 6.3)",50.0-500.0 mm f/4.5-6.3,0,0,1552.056121826172,1552.056121826172,3.0,2.0,2021-05-24,15:33:21,37.66295,22.852051591405264,38.345924,22.534869
iss065e057097.jpg,423880.6344086021,27581.602040816328,2,316,NIKON CORPORATION,NIKON D5,Adobe Photoshop 22.0 (Windows),300.0,300.0,231,5.906891,2.970854,2021:05:22 22:43:20,0.0,3.0,5,0,400.0,1,0,400,0,84,0,0,2,0.0166666666666666,2.8,1,1,12800,1,3502513,"(400.0, 400.0, 2.8, 2.8)",400.0 mm f/2.8,2,0,1552.056121826172,1552.056121826172,3.0,2.0,2021-05-24,15:24:18,38.32643,27.48628020551039,38.483497,27.12429
iss065e057164.jpg,423126.74025974027,27580.222222222223,2,316,NIKON CORPORATION,NIKON D5,Adobe Photoshop 22.0 (Windows),300.0,300.0,231,5.906891,2.970854,2021:05:22 22:45:36,0.0,3.0,5,0,400.0,1,0,400,0,99,0,0,2,0.0166666666666666,2.8,1,1,12800,1,3502513,"(400.0, 400.0, 2.8, 2.8)",400.0 mm f/2.8,2,0,1552.056121826172,1552.056121826172,3.0,2.0,2021-05-24,15:27:35,32.62375,35.13199321986993,31.790376,35.214337
iss065e061183.jpg,418525.1263157895,27593.6551724138,2,290,NIKON CORPORATION,NIKON D5,Adobe Photoshop 22.0 (Windows),300.0,300.0,231,8.321928,8.918863,2021:05:23 13:47:51,0.0,4.3,5,0,50.0,1,0,50,0,74,0,0,2,0.003125,22.0,3,0,400,0,3502439,"(50.0, 500.0, 4.5, 6.3)",50.0-500.0 mm f/4.5-6.3,0,0,1552.056121826172,1552.056121826172,3.0,2.0,2021-05-25,12:09:26,25.23136,37.86522591991342,29.564757,34.546685
iss065e061367.jpg,421729.793814433,27580.45882352941,2,299,NIKON CORPORATION,NIKON D5,Adobe Photoshop 22.0 (Windows),300.0,300.0,231,5.906891,2.970854,2021:05:24 21:15:31,0.0,3.0,5,0,400.0,1,0,400,0,67,0,0,2,0.0166666666666666,2.8,1,1,12800,1,3502513,"(400.0, 400.0, 2.8, 2.8)",400.0 mm f/2.8,2,0,1552.056121826172,1552.056121826172,3.0,2.0,2021-05-25,12:45:43,25.10429,54.769321810222735,25.071802,55.18664
iss065e066583.jpg,421085.4456521739,27593.45,2,296,NIKON CORPORATION,NIKON D5,Adobe Photoshop 22.0 (Windows),300.0,300.0,231,10.287712,6.0,2021:05:23 16:58:56,0.0,6.0,5,0,1150.0,1,0,1150,0,32,0,0,2,0.0008,8.0,4,0,400,0,3502532,"(800.0, 800.0, 5.6, 5.6)",800.0 mm f/5.6,0,0,1552.056121826172,1552.056121826172,3.0,2.0,2021-05-25,17:21:18,39.05888,7.227976144172177,37.270417,9.869572
iss065e066594.jpg,421783.2786885246,27592.94382022472,2,296,NIKON CORPORATION,NIKON D5,Adobe Photoshop 22.0 (Windows),300.0,300.0,231,10.643856,6.0,2021:05:23 17:00:12,0.0,6.0,5,0,1150.0,1,0,1150,0,21,0,0,2,0.000625,8.0,4,0,400,0,3502532,"(800.0, 800.0, 5.6, 5.6)",800.0 mm f/5.6,0,0,1552.056121826172,1552.056121826172,3.0,2.0,2021-05-25,17:22:16,41.91312,12.162771119988165,40.755071,14.537456
iss065e066599.jpg,421883.0112359551,27592.86170212766,2,296,NIKON CORPORATION,NIKON D5,Adobe Photoshop 22.0 (Windows),300.0,300.0,231,10.643856,6.0,2021:05:23 17:00:23,0.0,6.0,5,0,1150.0,1,0,1150,0,20,0,0,2,0.000625,8.0,4,0,400,0,3502532,"(800.0, 800.0, 5.6, 5.6)",800.0 mm f/5.6,0,0,1552.056121826172,1552.056121826172,3.0,2.0,2021-05-25,17:22:43,42.30558,12.9146128902663,40.730257,13.904558
iss065e066626.jpg,422363.44897959183,27592.43,2,296,NIKON CORPORATION,NIKON D5,Adobe Photoshop 22.0 (Windows),300.0,300.0,231,10.643856,6.0,2021:05:23 17:01:17,0.0,6.0,5,0,1150.0,1,0,1150,0,64,0,0,2,0.000625,8.0,4,0,400,0,3502532,"(800.0, 800.0, 5.6, 5.6)",800.0 mm f/5.6,0,0,1552.056121826172,1552.056121826172,3.0,2.0,2021-05-25,17:25:03,44.14757,16.750729789980053,42.923349,17.546381
iss065e066639.jpg,422772.9673913043,27592.01408450704,2,296,NIKON CORPORATION,NIKON D5,Adobe Photoshop 22.0 (Windows),300.0,300.0,231,10.643856,6.0,2021:05:23 17:02:05,0.0,6.0,5,0,1150.0,1,0,1150,0,39,0,0,2,0.000625,8.0,4,0,400,0,3502532,"(800.0, 800.0, 5.6, 5.6)",800.0 mm f/5.6,0,0,1552.056121826172,1552.056121826172,3.0,2.0,2021-05-25,17:26:11,45.65642,20.36928399083122,44.790875,20.465951
iss065e066969.jpg,418148.3636363637,27593.015151515152,2,228,NIKON CORPORATION,NIKON D5,Adobe Photoshop 21.2 (Windows),300.0,300.0,231,10.643856,6.33985,2021:05:25 13:46:55,0.0,6.0,5,0,1150.0,1,0,1150,0,93,0,0,2,0.000625,9.0,4,0,400,0,3502532,"(800.0, 800.0, 5.6, 5.6)",800.0 mm f/5.6,0,0,1552.056121826172,1552.056121826172,3.0,2.0,2021-05-26,10:51:16,22.39397,23.39201949963208,22.26924,24.672727
iss065e067016.jpg,419463.4574468085,27593.89230769231,2,228,NIKON CORPORATION,NIKON D5,Adobe Photoshop 21.2 (Windows),300.0,300.0,231,10.643856,6.918863,2021:05:25 13:50:16,0.0,6.0,5,0,1150.0,1,0,1150,0,67,0,0,2,0.000625,11.0,4,0,800,0,3502532,"(800.0, 800.0, 5.6, 5.6)",800.0 mm f/5.6,1,0,1552.056121826172,1552.056121826172,3.0,2.0,2021-05-26,10:56:37,31.73681,32.74574607991907,29.984476,31.138976
iss065e067142.jpg,419798.9189189189,27593.87951807229,2,228,NIKON CORPORATION,NIKON D5,Adobe Photoshop 21.2 (Windows),300.0,300.0,231,10.643856,6.918863,2021:05:25 13:50:57,0.0,6.0,5,0,1150.0,1,0,1150,0,68,0,0,2,0.000625,11.0,4,0,800,0,3502532,"(800.0, 800.0, 5.6, 5.6)",800.0 mm f/5.6,1,0,1552.056121826172,1552.056121826172,3.0,2.0,2021-05-26,11:11:03,33.53738,34.886570740134566,31.218129,32.326817
iss065e067263.jpg,420260.9605263158,27593.780821917808,2,228,NIKON CORPORATION,NIKON D5,Adobe Photoshop 21.2 (Windows),300.0,300.0,231,10.643856,6.643856,2021:05:25 13:51:51,0.0,6.0,5,0,1150.0,1,0,1150,0,12,0,0,2,0.000625,10.0,4,0,800,0,3502532,"(800.0, 800.0, 5.6, 5.6)",800.0 mm f/5.6,1,0,1552.056121826172,1552.056121826172,3.0,2.0,2021-05-26,11:24:47,35.838750000000005,37.85463557993731,33.866825,35.503391
iss065e067381.jpg,420737.431372549,27593.6,2,228,NIKON CORPORATION,NIKON D5,Adobe Photoshop 21.2 (Windows),300.0,300.0,231,10.643856,6.643856,2021:05:25 13:52:45,0.0,6.0,5,0,1150.0,1,0,1150,0,6,0,0,2,0.000625,10.0,4,0,800,0,3502532,"(800.0, 800.0, 5.6, 5.6)",800.0 mm f/5.6,1,0,1552.056121826172,1552.056121826172,3.0,2.0,2021-05-26,11:38:05,38.04956,41.00839696969697,37.488183,38.3212
iss065e069380.jpg,422036.4395604396,27592.78651685393,2,324,NIKON CORPORATION,NIKON D5,Adobe Photoshop 22.0 (Windows),300.0,300.0,231,10.643856,6.0,2021:05:25 21:39:35,0.0,6.0,5,0,1150.0,1,0,1150,0,43,0,0,2,0.000625,8.0,4,0,500,0,3502532,"(800.0, 800.0, 5.6, 5.6)",800.0 mm f/5.6,0,0,1552.056121826172,1552.056121826172,3.0,2.0,2021-05-26,12:02:19,43.12191,-68.16556522940851,42.061955,-70.161285
iss067e002052.JPG,423668.0727272728,27571.186440677968,2,309,NIKON CORPORATION,NIKON D5,Adobe Photoshop 23.2 (Windows),300.0,300.0,231,8.643856,8.33985,2022:04:02 23:50:51,-0.3333333333333333,3.0,5,0,75.0,1,0,75,0,44,0,0,2,0.0025,18.0,4,0,320,0,3502608,"(70.0, 200.0, 2.8, 2.8)",70.0-200.0 mm f/2.8,0,0,1552.056121826172,1552.056121826172,3.0,2.0,2022-04-04,11:32:22,-30.65354,132.20283550164086,-28.420933,137.185175
